x,y
76,13
77,13
62,14
76,14
77,14
78,14
79,14
108,14
62,15
63,15
64,15
65,15
75,15
76,15
77,15
78,15
106,15
107,15
108,15
62,16
65,16
66,16
79,16
80,16
106,16
107,16
61,17
62,17
66,17
105,17
106,17
61,18
62,18
66,18
104,18
105,18
106,18
107,18
60,19
61,19
66,19
67,19
104,19
105,19
106,19
58,20
59,20
64,20
65,20
103,20
104,20
105,20
106,20
109,20
58,21
59,21
64,21
65,21
82,21
83,21
103,21
104,21
105,21
108,21
109,21
110,21
111,21
58,22
59,22
63,22
64,22
71,22
72,22
73,22
81,22
82,22
83,22
84,22
102,22
103,22
104,22
105,22
108,22
109,22
110,22
111,22
59,23
60,23
62,23
63,23
72,23
73,23
74,23
75,23
76,23
80,23
81,23
82,23
83,23
84,23
101,23
102,23
103,23
104,23
107,23
108,23
109,23
110,23
111,23
60,24
61,24
62,24
67,24
68,24
69,24
72,24
73,24
74,24
75,24
80,24
81,24
82,24
83,24
84,24
85,24
101,24
102,24
103,24
61,25
66,25
69,25
72,25
73,25
74,25
80,25
81,25
82,25
84,25
100,25
101,25
102,25
103,25
128,25
129,25
65,26
69,26
70,26
86,26
100,26
101,26
102,26
103,26
138,26
139,26
140,26
64,27
65,27
66,27
70,27
89,27
90,27
91,27
92,27
98,27
99,27
138,27
139,27
64,28
65,28
66,28
67,28
69,28
70,28
74,28
75,28
76,28
77,28
78,28
86,28
87,28
98,28
99,28
100,28
101,28
127,28
128,28
129,28
62,29
66,29
68,29
69,29
74,29
75,29
76,29
77,29
78,29
79,29
80,29
85,29
86,29
87,29
88,29
98,29
99,29
100,29
110,29
115,29
136,29
137,29
138,29
61,30
62,30
68,30
74,30
75,30
80,30
85,30
86,30
87,30
88,30
97,30
98,30
99,30
105,30
106,30
107,30
108,30
109,30
110,30
111,30
112,30
113,30
115,30
119,30
120,30
137,30
138,30
50,31
51,31
52,31
53,31
54,31
55,31
61,31
62,31
65,31
68,31
74,31
75,31
76,31
77,31
78,31
79,31
87,31
88,31
89,31
110,31
111,31
127,31
49,32
50,32
51,32
52,32
53,32
54,32
55,32
60,32
61,32
62,32
65,32
66,32
67,32
69,32
70,32
71,32
74,32
75,32
76,32
77,32
78,32
79,32
87,32
88,32
104,32
111,32
112,32
126,32
48,33
49,33
50,33
51,33
52,33
53,33
54,33
55,33
61,33
62,33
63,33
66,33
67,33
68,33
69,33
70,33
76,33
77,33
78,33
79,33
93,33
94,33
103,33
104,33
110,33
111,33
112,33
126,33
47,34
48,34
49,34
50,34
51,34
52,34
53,34
54,34
55,34
56,34
62,34
63,34
69,34
93,34
94,34
103,34
104,34
109,34
110,34
111,34
115,34
47,35
48,35
49,35
50,35
51,35
52,35
53,35
55,35
56,35
93,35
94,35
103,35
104,35
109,35
110,35
115,35
116,35
121,35
122,35
123,35
124,35
46,36
47,36
48,36
50,36
51,36
65,36
66,36
67,36
72,36
73,36
74,36
75,36
95,36
96,36
109,36
112,36
116,36
117,36
122,36
123,36
124,36
135,36
136,36
137,36
45,37
46,37
47,37
49,37
54,37
55,37
56,37
64,37
65,37
66,37
67,37
68,37
69,37
70,37
72,37
73,37
74,37
94,37
95,37
96,37
97,37
98,37
111,37
112,37
117,37
118,37
135,37
136,37
137,37
138,37
44,38
45,38
46,38
47,38
48,38
49,38
53,38
55,38
56,38
57,38
58,38
66,38
67,38
68,38
69,38
70,38
72,38
73,38
85,38
110,38
111,38
112,38
118,38
119,38
132,38
133,38
134,38
135,38
136,38
137,38
138,38
139,38
43,39
44,39
45,39
47,39
48,39
52,39
53,39
54,39
57,39
67,39
68,39
69,39
70,39
85,39
109,39
110,39
111,39
112,39
116,39
117,39
119,39
120,39
132,39
133,39
134,39
135,39
136,39
137,39
138,39
139,39
176,39
177,39
178,39
179,39
180,39
181,39
182,39
43,40
44,40
45,40
46,40
47,40
51,40
52,40
53,40
56,40
68,40
69,40
74,40
85,40
86,40
116,40
117,40
118,40
119,40
120,40
132,40
133,40
134,40
135,40
136,40
137,40
138,40
176,40
177,40
178,40
179,40
180,40
181,40
182,40
45,41
46,41
50,41
51,41
52,41
55,41
56,41
57,41
58,41
85,41
86,41
96,41
97,41
98,41
99,41
100,41
101,41
102,41
103,41
104,41
115,41
116,41
117,41
118,41
119,41
132,41
133,41
134,41
135,41
136,41
137,41
138,41
176,41
182,41
192,41
193,41
51,42
56,42
57,42
58,42
59,42
84,42
85,42
86,42
96,42
97,42
98,42
99,42
100,42
101,42
102,42
103,42
104,42
108,42
109,42
116,42
117,42
118,42
119,42
132,42
133,42
134,42
135,42
176,42
180,42
181,42
182,42
184,42
185,42
186,42
187,42
188,42
189,42
192,42
56,43
57,43
58,43
59,43
83,43
84,43
85,43
86,43
96,43
97,43
102,43
103,43
104,43
108,43
109,43
110,43
111,43
112,43
116,43
117,43
118,43
133,43
134,43
135,43
136,43
176,43
177,43
178,43
179,43
180,43
181,43
182,43
184,43
185,43
188,43
189,43
192,43
193,43
194,43
195,43
196,43
197,43
57,44
58,44
83,44
84,44
85,44
96,44
97,44
102,44
103,44
104,44
108,44
109,44
110,44
111,44
112,44
113,44
117,44
118,44
159,44
160,44
161,44
162,44
163,44
166,44
167,44
168,44
169,44
170,44
184,44
185,44
186,44
187,44
188,44
189,44
192,44
193,44
194,44
195,44
196,44
197,44
82,45
83,45
84,45
96,45
97,45
98,45
99,45
100,45
101,45
102,45
103,45
104,45
108,45
109,45
110,45
111,45
112,45
113,45
143,45
144,45
145,45
163,45
164,45
169,45
170,45
171,45
184,45
185,45
186,45
187,45
188,45
189,45
192,45
193,45
194,45
195,45
196,45
197,45
52,46
53,46
58,46
59,46
60,46
61,46
62,46
63,46
64,46
65,46
91,46
92,46
93,46
96,46
97,46
98,46
99,46
100,46
101,46
102,46
103,46
108,46
109,46
110,46
111,46
112,46
113,46
139,46
140,46
141,46
142,46
143,46
144,46
145,46
163,46
164,46
170,46
171,46
175,46
176,46
177,46
178,46
179,46
180,46
184,46
185,46
186,46
187,46
188,46
189,46
51,47
52,47
53,47
58,47
59,47
60,47
61,47
63,47
64,47
86,47
87,47
92,47
93,47
94,47
95,47
100,47
101,47
102,47
103,47
104,47
125,47
126,47
127,47
159,47
160,47
161,47
163,47
164,47
170,47
171,47
175,47
180,47
183,47
184,47
185,47
186,47
45,48
47,48
51,48
52,48
53,48
60,48
61,48
63,48
64,48
65,48
66,48
67,48
86,48
87,48
88,48
93,48
94,48
95,48
110,48
111,48
112,48
113,48
114,48
115,48
119,48
120,48
121,48
125,48
126,48
127,48
158,48
159,48
160,48
161,48
163,48
164,48
170,48
171,48
175,48
180,48
183,48
184,48
185,48
186,48
189,48
190,48
191,48
192,48
46,49
47,49
48,49
49,49
51,49
52,49
53,49
57,49
58,49
59,49
60,49
61,49
62,49
63,49
64,49
65,49
66,49
85,49
86,49
87,49
88,49
93,49
94,49
95,49
96,49
119,49
120,49
125,49
126,49
127,49
131,49
132,49
133,49
134,49
137,49
138,49
158,49
159,49
160,49
161,49
162,49
163,49
164,49
165,49
169,49
170,49
175,49
179,49
180,49
183,49
184,49
185,49
186,49
189,49
47,50
48,50
49,50
50,50
51,50
52,50
56,50
57,50
60,50
61,50
63,50
64,50
84,50
85,50
86,50
87,50
88,50
89,50
94,50
95,50
96,50
97,50
102,50
103,50
104,50
105,50
107,50
108,50
109,50
110,50
111,50
118,50
119,50
120,50
125,50
126,50
127,50
131,50
132,50
133,50
134,50
137,50
138,50
139,50
140,50
158,50
159,50
160,50
161,50
162,50
163,50
164,50
165,50
166,50
168,50
169,50
175,50
176,50
177,50
178,50
179,50
180,50
189,50
194,50
195,50
196,50
47,51
48,51
49,51
50,51
51,51
55,51
56,51
59,51
60,51
62,51
82,51
83,51
84,51
85,51
86,51
87,51
88,51
89,51
93,51
94,51
95,51
96,51
101,51
102,51
103,51
104,51
108,51
109,51
110,51
116,51
117,51
118,51
124,51
125,51
126,51
130,51
131,51
132,51
133,51
134,51
135,51
137,51
138,51
139,51
140,51
141,51
158,51
159,51
160,51
161,51
162,51
163,51
164,51
167,51
174,51
175,51
176,51
177,51
178,51
179,51
188,51
193,51
194,51
195,51
47,52
48,52
49,52
50,52
51,52
55,52
56,52
59,52
60,52
62,52
82,52
83,52
84,52
85,52
86,52
87,52
88,52
89,52
90,52
91,52
96,52
101,52
102,52
103,52
104,52
106,52
107,52
108,52
109,52
110,52
115,52
116,52
117,52
124,52
125,52
126,52
130,52
131,52
132,52
133,52
134,52
135,52
137,52
138,52
139,52
140,52
141,52
149,52
159,52
160,52
172,52
173,52
186,52
187,52
188,52
189,52
190,52
191,52
195,52
196,52
197,52
50,53
53,53
57,53
58,53
59,53
60,53
71,53
80,53
81,53
82,53
83,53
84,53
85,53
86,53
87,53
88,53
89,53
90,53
91,53
96,53
101,53
102,53
103,53
104,53
106,53
107,53
108,53
109,53
110,53
116,53
117,53
130,53
131,53
132,53
133,53
134,53
135,53
147,53
148,53
149,53
150,53
151,53
172,53
173,53
174,53
176,53
182,53
186,53
187,53
188,53
189,53
190,53
191,53
192,53
193,53
194,53
195,53
52,54
53,54
54,54
55,54
69,54
70,54
79,54
80,54
81,54
82,54
83,54
84,54
85,54
86,54
87,54
88,54
89,54
90,54
91,54
92,54
102,54
103,54
121,54
122,54
134,54
135,54
141,54
142,54
144,54
145,54
146,54
150,54
151,54
160,54
161,54
172,54
173,54
174,54
175,54
176,54
177,54
186,54
187,54
191,54
193,54
4,55
5,55
6,55
7,55
8,55
9,55
10,55
11,55
12,55
13,55
14,55
15,55
16,55
65,55
66,55
69,55
78,55
79,55
80,55
81,55
82,55
83,55
84,55
85,55
86,55
87,55
88,55
89,55
90,55
91,55
92,55
93,55
113,55
121,55
122,55
124,55
125,55
128,55
129,55
134,55
135,55
137,55
138,55
141,55
142,55
144,55
145,55
146,55
153,55
154,55
160,55
161,55
162,55
163,55
164,55
172,55
173,55
174,55
175,55
176,55
177,55
186,55
187,55
191,55
193,55
4,56
5,56
6,56
7,56
8,56
9,56
10,56
11,56
12,56
13,56
14,56
15,56
16,56
65,56
66,56
69,56
78,56
79,56
80,56
81,56
82,56
83,56
84,56
85,56
86,56
87,56
88,56
89,56
90,56
91,56
92,56
93,56
113,56
121,56
122,56
124,56
125,56
128,56
129,56
134,56
135,56
137,56
138,56
141,56
142,56
144,56
145,56
146,56
153,56
154,56
161,56
162,56
163,56
173,56
174,56
175,56
176,56
183,56
184,56
187,56
191,56
193,56
4,57
5,57
6,57
7,57
8,57
9,57
10,57
11,57
12,57
13,57
14,57
15,57
16,57
63,57
65,57
66,57
69,57
78,57
79,57
80,57
81,57
82,57
83,57
84,57
85,57
86,57
87,57
88,57
89,57
90,57
91,57
92,57
93,57
113,57
114,57
117,57
118,57
121,57
122,57
125,57
128,57
129,57
134,57
135,57
137,57
138,57
141,57
142,57
144,57
145,57
146,57
147,57
148,57
153,57
154,57
155,57
156,57
157,57
160,57
161,57
162,57
163,57
164,57
174,57
175,57
176,57
179,57
181,57
182,57
183,57
184,57
187,57
191,57
192,57
193,57
4,58
5,58
6,58
7,58
8,58
9,58
10,58
11,58
12,58
13,58
14,58
15,58
16,58
62,58
63,58
65,58
66,58
69,58
79,58
80,58
81,58
82,58
83,58
84,58
85,58
86,58
87,58
88,58
89,58
90,58
91,58
92,58
113,58
114,58
117,58
118,58
119,58
120,58
121,58
122,58
123,58
124,58
125,58
126,58
127,58
128,58
129,58
137,58
138,58
141,58
142,58
147,58
148,58
153,58
154,58
155,58
156,58
157,58
158,58
160,58
161,58
162,58
163,58
164,58
179,58
180,58
181,58
182,58
183,58
184,58
187,58
193,58
4,59
5,59
6,59
7,59
8,59
9,59
10,59
11,59
12,59
13,59
14,59
15,59
16,59
60,59
61,59
62,59
63,59
64,59
65,59
66,59
69,59
78,59
79,59
80,59
81,59
82,59
83,59
84,59
85,59
86,59
87,59
88,59
89,59
90,59
91,59
92,59
93,59
113,59
114,59
117,59
118,59
119,59
120,59
121,59
122,59
123,59
124,59
125,59
126,59
127,59
128,59
129,59
132,59
133,59
134,59
135,59
137,59
138,59
141,59
142,59
147,59
148,59
153,59
154,59
155,59
156,59
157,59
158,59
160,59
161,59
162,59
163,59
164,59
180,59
181,59
182,59
183,59
187,59
193,59
4,60
5,60
6,60
7,60
8,60
9,60
10,60
11,60
12,60
13,60
14,60
15,60
16,60
59,60
62,60
63,60
64,60
65,60
66,60
67,60
68,60
69,60
78,60
79,60
80,60
81,60
82,60
83,60
84,60
85,60
86,60
87,60
88,60
89,60
90,60
91,60
92,60
93,60
113,60
114,60
117,60
118,60
119,60
120,60
121,60
122,60
123,60
124,60
125,60
126,60
127,60
128,60
129,60
132,60
133,60
134,60
135,60
147,60
148,60
156,60
157,60
160,60
161,60
162,60
163,60
164,60
177,60
182,60
183,60
187,60
193,60
194,60
4,61
5,61
6,61
7,61
8,61
9,61
10,61
11,61
12,61
13,61
14,61
15,61
16,61
58,61
59,61
60,61
61,61
62,61
63,61
64,61
65,61
66,61
69,61
77,61
78,61
79,61
80,61
81,61
82,61
83,61
84,61
85,61
86,61
87,61
88,61
89,61
90,61
91,61
92,61
93,61
94,61
101,61
102,61
103,61
104,61
105,61
106,61
107,61
108,61
109,61
113,61
114,61
117,61
118,61
119,61
120,61
121,61
122,61
123,61
124,61
125,61
126,61
127,61
128,61
129,61
132,61
133,61
134,61
135,61
136,61
137,61
139,61
140,61
141,61
142,61
156,61
157,61
163,61
164,61
178,61
182,61
183,61
187,61
188,61
189,61
190,61
193,61
194,61
4,62
5,62
6,62
7,62
8,62
9,62
10,62
11,62
12,62
13,62
14,62
15,62
16,62
58,62
59,62
62,62
63,62
64,62
65,62
66,62
67,62
68,62
69,62
77,62
78,62
79,62
80,62
81,62
82,62
83,62
84,62
85,62
86,62
87,62
88,62
89,62
90,62
91,62
92,62
93,62
94,62
95,62
101,62
102,62
103,62
104,62
105,62
106,62
107,62
108,62
109,62
110,62
111,62
117,62
118,62
119,62
120,62
121,62
122,62
123,62
124,62
125,62
126,62
127,62
128,62
129,62
132,62
133,62
137,62
139,62
140,62
141,62
142,62
168,62
169,62
179,62
193,62
194,62
4,63
5,63
6,63
7,63
8,63
9,63
10,63
11,63
12,63
13,63
14,63
15,63
16,63
76,63
77,63
78,63
79,63
80,63
81,63
82,63
83,63
84,63
85,63
86,63
87,63
88,63
89,63
90,63
91,63
92,63
93,63
94,63
95,63
98,63
99,63
100,63
110,63
111,63
117,63
118,63
119,63
120,63
121,63
122,63
123,63
124,63
125,63
126,63
127,63
128,63
129,63
132,63
133,63
137,63
139,63
140,63
141,63
142,63
149,63
152,63
153,63
161,63
167,63
168,63
169,63
170,63
171,63
174,63
175,63
176,63
180,63
190,63
191,63
192,63
193,63
194,63
4,64
5,64
6,64
7,64
8,64
9,64
10,64
11,64
12,64
13,64
14,64
15,64
16,64
98,64
99,64
100,64
110,64
111,64
112,64
113,64
114,64
115,64
117,64
118,64
121,64
122,64
124,64
125,64
128,64
129,64
132,64
133,64
137,64
139,64
140,64
141,64
142,64
152,64
153,64
167,64
168,64
169,64
170,64
171,64
174,64
175,64
176,64
177,64
190,64
191,64
192,64
193,64
194,64
4,65
5,65
6,65
7,65
8,65
9,65
10,65
11,65
12,65
13,65
14,65
15,65
16,65
59,65
60,65
61,65
62,65
63,65
64,65
65,65
66,65
98,65
99,65
100,65
110,65
111,65
112,65
113,65
114,65
115,65
121,65
122,65
124,65
125,65
128,65
129,65
132,65
133,65
137,65
139,65
140,65
141,65
142,65
152,65
153,65
157,65
158,65
163,65
168,65
169,65
170,65
174,65
175,65
176,65
177,65
178,65
4,66
5,66
6,66
7,66
8,66
9,66
10,66
11,66
12,66
13,66
14,66
15,66
16,66
19,66
20,66
21,66
59,66
60,66
61,66
62,66
63,66
64,66
65,66
66,66
67,66
68,66
69,66
132,66
133,66
137,66
139,66
140,66
141,66
142,66
152,66
153,66
157,66
158,66
163,66
4,67
5,67
6,67
7,67
8,67
9,67
10,67
11,67
12,67
13,67
14,67
15,67
16,67
19,67
20,67
21,67
22,67
23,67
24,67
25,67
26,67
59,67
60,67
61,67
62,67
63,67
64,67
65,67
66,67
67,67
68,67
69,67
121,67
132,67
133,67
134,67
135,67
136,67
137,67
139,67
140,67
141,67
142,67
143,67
144,67
145,67
146,67
147,67
148,67
149,67
150,67
152,67
153,67
157,67
158,67
159,67
160,67
161,67
162,67
163,67
59,68
60,68
61,68
62,68
63,68
64,68
65,68
66,68
67,68
68,68
69,68
121,68
139,68
140,68
141,68
142,68
143,68
144,68
145,68
146,68
147,68
148,68
149,68
150,68
157,68
158,68
159,68
160,68
161,68
162,68
163,68
59,69
60,69
61,69
62,69
63,69
64,69
65,69
66,69
67,69
68,69
69,69
59,70
60,70
61,70
62,70
63,70
64,70
65,70
66,70
67,70
68,70
69,70
60,71
61,71
62,71
63,71
64,71
65,71
66,71
67,71
68,71
69,71
70,71
120,71
121,71
122,71
123,71
124,71
60,72
61,72
62,72
63,72
64,72
65,72
66,72
67,72
68,72
69,72
120,72
121,72
122,72
123,72
124,72
16,73
17,73
18,73
20,73
21,73
22,73
26,73
27,73
28,73
29,73
30,73
31,73
32,73
33,73
59,73
60,73
61,73
62,73
63,73
64,73
65,73
66,73
67,73
68,73
69,73
127,73
128,73
17,74
18,74
20,74
21,74
22,74
25,74
26,74
27,74
31,74
32,74
33,74
35,74
38,74
39,74
40,74
41,74
42,74
59,74
60,74
61,74
62,74
63,74
64,74
65,74
66,74
67,74
68,74
69,74
146,74
147,74
148,74
149,74
150,74
151,74
152,74
153,74
154,74
158,74
159,74
160,74
161,74
162,74
163,74
164,74
20,75
21,75
22,75
25,75
28,75
35,75
36,75
38,75
39,75
40,75
41,75
42,75
65,75
66,75
67,75
68,75
69,75
97,75
98,75
120,75
121,75
122,75
145,75
146,75
147,75
148,75
149,75
150,75
151,75
152,75
153,75
154,75
157,75
158,75
159,75
160,75
161,75
162,75
163,75
164,75
165,75
21,76
24,76
25,76
28,76
36,76
37,76
38,76
39,76
40,76
41,76
42,76
97,76
98,76
120,76
121,76
122,76
134,76
135,76
139,76
144,76
145,76
146,76
147,76
148,76
149,76
150,76
151,76
152,76
153,76
154,76
157,76
158,76
159,76
160,76
161,76
162,76
163,76
164,76
165,76
166,76
187,76
188,76
189,76
190,76
191,76
24,77
25,77
26,77
27,77
28,77
29,77
30,77
31,77
35,77
36,77
37,77
38,77
39,77
40,77
41,77
42,77
43,77
44,77
45,77
46,77
47,77
78,77
79,77
80,77
81,77
82,77
83,77
84,77
85,77
86,77
87,77
88,77
89,77
90,77
91,77
92,77
93,77
94,77
95,77
96,77
97,77
98,77
99,77
100,77
101,77
102,77
105,77
106,77
107,77
108,77
109,77
113,77
114,77
120,77
121,77
122,77
126,77
127,77
128,77
129,77
130,77
131,77
132,77
134,77
135,77
136,77
137,77
138,77
139,77
144,77
145,77
146,77
147,77
148,77
149,77
150,77
151,77
152,77
153,77
154,77
157,77
158,77
159,77
160,77
161,77
162,77
163,77
164,77
170,77
171,77
173,77
174,77
175,77
187,77
188,77
189,77
190,77
191,77
24,78
25,78
26,78
27,78
28,78
29,78
30,78
31,78
35,78
36,78
37,78
38,78
39,78
40,78
41,78
42,78
43,78
44,78
45,78
46,78
47,78
59,78
60,78
61,78
62,78
63,78
64,78
65,78
66,78
67,78
68,78
69,78
70,78
78,78
79,78
80,78
81,78
82,78
83,78
84,78
85,78
86,78
87,78
88,78
89,78
90,78
91,78
92,78
93,78
94,78
95,78
96,78
97,78
98,78
99,78
100,78
101,78
102,78
103,78
104,78
105,78
106,78
107,78
108,78
109,78
113,78
114,78
120,78
121,78
122,78
127,78
128,78
129,78
130,78
131,78
132,78
134,78
135,78
136,78
137,78
138,78
139,78
145,78
146,78
147,78
150,78
151,78
152,78
153,78
154,78
157,78
158,78
159,78
160,78
162,78
163,78
171,78
172,78
173,78
174,78
25,79
26,79
27,79
28,79
29,79
30,79
31,79
35,79
36,79
37,79
39,79
40,79
43,79
44,79
45,79
46,79
52,79
55,79
56,79
57,79
59,79
60,79
62,79
63,79
66,79
69,79
70,79
78,79
79,79
80,79
81,79
82,79
83,79
84,79
85,79
86,79
87,79
88,79
89,79
90,79
91,79
92,79
93,79
94,79
95,79
96,79
97,79
98,79
99,79
100,79
101,79
102,79
103,79
104,79
105,79
106,79
107,79
108,79
109,79
112,79
113,79
114,79
115,79
117,79
118,79
119,79
134,79
135,79
139,79
172,79
173,79
26,80
27,80
28,80
29,80
30,80
31,80
35,80
36,80
37,80
38,80
40,80
41,80
43,80
44,80
45,80
51,80
52,80
55,80
56,80
70,80
71,80
72,80
73,80
78,80
79,80
80,80
81,80
82,80
83,80
84,80
85,80
86,80
87,80
88,80
89,80
90,80
91,80
92,80
93,80
94,80
95,80
96,80
97,80
98,80
99,80
100,80
101,80
102,80
103,80
104,80
105,80
106,80
107,80
108,80
109,80
112,80
113,80
114,80
117,80
118,80
119,80
165,80
171,80
172,80
173,80
179,80
180,80
181,80
182,80
183,80
184,80
185,80
186,80
187,80
188,80
189,80
190,80
191,80
192,80
193,80
27,81
28,81
29,81
30,81
31,81
35,81
36,81
37,81
38,81
39,81
41,81
42,81
43,81
44,81
52,81
53,81
54,81
55,81
56,81
59,81
60,81
61,81
62,81
63,81
64,81
65,81
66,81
67,81
68,81
69,81
70,81
71,81
72,81
73,81
74,81
75,81
76,81
77,81
78,81
79,81
80,81
81,81
82,81
83,81
84,81
85,81
86,81
87,81
88,81
89,81
90,81
91,81
92,81
93,81
94,81
95,81
96,81
97,81
98,81
99,81
100,81
101,81
102,81
103,81
104,81
105,81
106,81
107,81
108,81
109,81
112,81
113,81
114,81
116,81
117,81
118,81
129,81
130,81
131,81
132,81
133,81
134,81
142,81
143,81
164,81
165,81
166,81
171,81
178,81
179,81
180,81
181,81
182,81
183,81
184,81
185,81
186,81
187,81
188,81
189,81
190,81
191,81
192,81
193,81
194,81
31,82
34,82
35,82
36,82
37,82
38,82
39,82
40,82
42,82
43,82
49,82
53,82
54,82
60,82
61,82
62,82
63,82
64,82
65,82
66,82
67,82
68,82
69,82
70,82
71,82
72,82
73,82
74,82
75,82
76,82
77,82
78,82
79,82
80,82
81,82
82,82
83,82
84,82
85,82
86,82
87,82
88,82
89,82
90,82
91,82
92,82
93,82
94,82
95,82
96,82
97,82
98,82
99,82
100,82
101,82
102,82
103,82
104,82
105,82
106,82
107,82
108,82
113,82
114,82
117,82
118,82
119,82
122,82
123,82
124,82
125,82
126,82
127,82
129,82
130,82
131,82
132,82
133,82
134,82
135,82
142,82
143,82
144,82
154,82
155,82
156,82
157,82
158,82
163,82
164,82
165,82
166,82
167,82
177,82
178,82
179,82
182,82
183,82
184,82
185,82
186,82
187,82
188,82
189,82
190,82
191,82
192,82
193,82
31,83
32,83
33,83
34,83
35,83
36,83
37,83
38,83
41,83
42,83
48,83
49,83
60,83
61,83
62,83
63,83
64,83
65,83
66,83
67,83
68,83
69,83
70,83
71,83
72,83
73,83
74,83
75,83
76,83
77,83
78,83
79,83
80,83
81,83
82,83
83,83
84,83
85,83
86,83
87,83
88,83
89,83
90,83
91,83
92,83
93,83
94,83
95,83
96,83
97,83
98,83
99,83
100,83
101,83
102,83
103,83
104,83
105,83
106,83
107,83
108,83
109,83
113,83
122,83
123,83
124,83
125,83
126,83
127,83
128,83
129,83
130,83
131,83
132,83
133,83
134,83
135,83
142,83
143,83
144,83
145,83
148,83
154,83
155,83
156,83
157,83
158,83
162,83
163,83
164,83
165,83
166,83
167,83
168,83
169,83
177,83
178,83
179,83
181,83
182,83
183,83
184,83
185,83
186,83
188,83
189,83
190,83
191,83
192,83
193,83
31,84
32,84
33,84
34,84
35,84
36,84
37,84
38,84
39,84
47,84
48,84
49,84
61,84
62,84
63,84
64,84
65,84
66,84
67,84
68,84
69,84
70,84
71,84
72,84
73,84
74,84
75,84
76,84
77,84
78,84
79,84
80,84
81,84
82,84
83,84
84,84
85,84
86,84
87,84
88,84
89,84
90,84
91,84
92,84
93,84
94,84
95,84
96,84
97,84
98,84
99,84
100,84
101,84
102,84
103,84
104,84
105,84
106,84
107,84
108,84
109,84
120,84
121,84
123,84
124,84
126,84
127,84
133,84
134,84
135,84
144,84
145,84
146,84
148,84
149,84
154,84
158,84
161,84
162,84
163,84
167,84
168,84
169,84
170,84
176,84
177,84
178,84
179,84
181,84
182,84
183,84
184,84
187,84
188,84
189,84
190,84
191,84
35,85
36,85
37,85
38,85
39,85
46,85
47,85
48,85
61,85
62,85
63,85
64,85
65,85
66,85
67,85
68,85
69,85
70,85
71,85
72,85
73,85
74,85
75,85
76,85
77,85
78,85
79,85
80,85
81,85
82,85
83,85
84,85
85,85
86,85
87,85
88,85
89,85
90,85
91,85
92,85
93,85
94,85
95,85
96,85
97,85
98,85
99,85
104,85
105,85
106,85
107,85
108,85
109,85
120,85
121,85
123,85
124,85
126,85
127,85
145,85
146,85
148,85
149,85
150,85
154,85
158,85
162,85
163,85
164,85
166,85
167,85
168,85
169,85
177,85
178,85
179,85
181,85
182,85
183,85
184,85
186,85
187,85
188,85
189,85
190,85
191,85
45,86
46,86
47,86
48,86
62,86
63,86
64,86
65,86
66,86
67,86
68,86
69,86
70,86
71,86
72,86
73,86
74,86
75,86
76,86
77,86
78,86
79,86
80,86
81,86
82,86
83,86
84,86
85,86
86,86
87,86
88,86
89,86
90,86
91,86
92,86
93,86
94,86
95,86
96,86
97,86
98,86
99,86
106,86
107,86
108,86
109,86
120,86
121,86
123,86
124,86
126,86
127,86
133,86
148,86
149,86
150,86
154,86
158,86
164,86
165,86
166,86
181,86
182,86
183,86
184,86
186,86
187,86
188,86
189,86
190,86
191,86
33,87
34,87
35,87
36,87
44,87
45,87
46,87
47,87
63,87
64,87
65,87
66,87
67,87
68,87
69,87
70,87
71,87
72,87
73,87
74,87
75,87
76,87
77,87
78,87
79,87
80,87
81,87
82,87
83,87
84,87
85,87
86,87
87,87
88,87
89,87
90,87
103,87
106,87
107,87
108,87
120,87
121,87
122,87
123,87
124,87
125,87
126,87
127,87
129,87
133,87
139,87
145,87
146,87
147,87
148,87
149,87
153,87
154,87
155,87
156,87
157,87
162,87
186,87
187,87
188,87
189,87
190,87
32,88
33,88
34,88
35,88
36,88
43,88
44,88
45,88
46,88
63,88
64,88
65,88
66,88
67,88
68,88
69,88
70,88
71,88
72,88
73,88
74,88
75,88
76,88
77,88
78,88
79,88
80,88
81,88
82,88
83,88
84,88
85,88
86,88
87,88
88,88
89,88
103,88
107,88
110,88
111,88
112,88
120,88
121,88
122,88
123,88
124,88
125,88
126,88
127,88
129,88
130,88
131,88
132,88
138,88
139,88
140,88
141,88
142,88
146,88
147,88
148,88
174,88
175,88
176,88
190,88
31,89
32,89
33,89
34,89
35,89
36,89
37,89
41,89
42,89
43,89
44,89
64,89
65,89
66,89
67,89
68,89
69,89
70,89
71,89
72,89
73,89
74,89
75,89
76,89
77,89
78,89
110,89
111,89
112,89
120,89
121,89
123,89
124,89
126,89
127,89
129,89
132,89
139,89
140,89
141,89
147,89
174,89
175,89
176,89
177,89
178,89
179,89
180,89
181,89
184,89
185,89
31,90
32,90
33,90
34,90
35,90
36,90
37,90
38,90
39,90
41,90
42,90
43,90
47,90
48,90
65,90
66,90
67,90
68,90
69,90
70,90
72,90
73,90
74,90
75,90
76,90
77,90
78,90
79,90
80,90
81,90
82,90
83,90
84,90
85,90
86,90
87,90
88,90
108,90
109,90
110,90
111,90
112,90
120,90
121,90
123,90
124,90
126,90
127,90
138,90
139,90
140,90
141,90
174,90
175,90
176,90
177,90
178,90
179,90
180,90
181,90
182,90
183,90
184,90
185,90
186,90
31,91
32,91
33,91
34,91
35,91
36,91
37,91
38,91
39,91
45,91
46,91
47,91
48,91
65,91
66,91
67,91
68,91
72,91
73,91
74,91
75,91
76,91
77,91
78,91
79,91
80,91
81,91
82,91
83,91
84,91
85,91
86,91
87,91
99,91
100,91
108,91
109,91
110,91
111,91
112,91
120,91
121,91
123,91
124,91
126,91
127,91
137,91
138,91
139,91
140,91
141,91
142,91
174,91
175,91
176,91
177,91
178,91
179,91
180,91
181,91
182,91
183,91
184,91
185,91
186,91
187,91
188,91
189,91
31,92
32,92
33,92
34,92
35,92
36,92
37,92
38,92
39,92
44,92
45,92
46,92
47,92
48,92
49,92
72,92
73,92
74,92
75,92
76,92
77,92
78,92
79,92
80,92
81,92
82,92
83,92
84,92
85,92
86,92
99,92
100,92
108,92
109,92
110,92
120,92
121,92
122,92
123,92
124,92
125,92
126,92
127,92
138,92
139,92
140,92
141,92
142,92
167,92
168,92
174,92
175,92
176,92
177,92
178,92
179,92
180,92
181,92
182,92
183,92
184,92
185,92
186,92
33,93
34,93
35,93
36,93
37,93
38,93
39,93
43,93
44,93
45,93
46,93
47,93
48,93
49,93
50,93
51,93
57,93
58,93
59,93
60,93
61,93
68,93
69,93
81,93
82,93
83,93
84,93
85,93
86,93
99,93
100,93
108,93
109,93
110,93
120,93
121,93
122,93
123,93
124,93
125,93
126,93
127,93
167,93
168,93
174,93
175,93
176,93
177,93
178,93
179,93
180,93
181,93
182,93
183,93
184,93
185,93
186,93
187,93
188,93
34,94
35,94
36,94
37,94
38,94
41,94
42,94
43,94
44,94
45,94
46,94
47,94
48,94
49,94
50,94
51,94
55,94
56,94
57,94
58,94
59,94
60,94
61,94
68,94
69,94
82,94
83,94
84,94
99,94
161,94
162,94
164,94
165,94
166,94
167,94
168,94
174,94
175,94
176,94
177,94
178,94
179,94
180,94
181,94
182,94
183,94
184,94
185,94
186,94
187,94
34,95
35,95
36,95
37,95
40,95
41,95
42,95
43,95
44,95
45,95
46,95
47,95
48,95
54,95
55,95
56,95
57,95
58,95
68,95
69,95
70,95
72,95
82,95
83,95
120,95
155,95
156,95
157,95
158,95
162,95
163,95
164,95
165,95
168,95
169,95
174,95
175,95
176,95
177,95
178,95
179,95
180,95
181,95
182,95
183,95
184,95
185,95
186,95
39,96
40,96
41,96
42,96
43,96
44,96
45,96
46,96
53,96
54,96
55,96
56,96
69,96
70,96
72,96
73,96
82,96
83,96
102,96
103,96
104,96
105,96
106,96
107,96
121,96
122,96
123,96
124,96
154,96
155,96
156,96
162,96
163,96
168,96
174,96
175,96
176,96
177,96
178,96
179,96
180,96
181,96
182,96
183,96
184,96
185,96
37,97
38,97
39,97
40,97
41,97
42,97
44,97
48,97
49,97
50,97
53,97
54,97
55,97
70,97
72,97
73,97
74,97
82,97
83,97
99,97
103,97
104,97
105,97
106,97
107,97
113,97
120,97
121,97
122,97
123,97
134,97
135,97
155,97
162,97
163,97
173,97
174,97
175,97
176,97
177,97
178,97
179,97
180,97
181,97
182,97
183,97
184,97
36,98
37,98
38,98
39,98
40,98
41,98
47,98
48,98
49,98
53,98
54,98
73,98
74,98
75,98
82,98
83,98
103,98
107,98
113,98
120,98
121,98
122,98
123,98
133,98
134,98
155,98
162,98
163,98
173,98
174,98
175,98
176,98
177,98
178,98
179,98
180,98
181,98
182,98
183,98
35,99
36,99
37,99
38,99
39,99
40,99
47,99
48,99
53,99
74,99
75,99
76,99
81,99
82,99
83,99
103,99
107,99
121,99
122,99
123,99
124,99
133,99
138,99
139,99
140,99
156,99
157,99
160,99
161,99
162,99
166,99
167,99
174,99
175,99
176,99
177,99
178,99
179,99
180,99
181,99
182,99
36,100
37,100
38,100
39,100
47,100
75,100
76,100
80,100
81,100
82,100
93,100
94,100
95,100
96,100
97,100
98,100
99,100
103,100
104,100
105,100
106,100
107,100
111,100
112,100
118,100
121,100
122,100
123,100
124,100
132,100
137,100
138,100
139,100
140,100
143,100
144,100
145,100
146,100
157,100
160,100
161,100
162,100
163,100
166,100
167,100
169,100
179,100
180,100
181,100
37,101
76,101
79,101
80,101
81,101
93,101
99,101
103,101
104,101
105,101
106,101
107,101
111,101
112,101
136,101
137,101
138,101
142,101
143,101
144,101
145,101
146,101
163,101
167,101
168,101
169,101
178,101
179,101
93,102
99,102
135,102
136,102
140,102
141,102
142,102
143,102
144,102
165,102
166,102
167,102
168,102
169,102
178,102
179,102
93,103
99,103
133,103
134,103
135,103
140,103
141,103
144,103
145,103
166,103
167,103
168,103
178,103
93,104
99,104
107,104
108,104
109,104
110,104
111,104
112,104
132,104
133,104
134,104
137,104
138,104
139,104
145,104
93,105
99,105
107,105
112,105
131,105
132,105
133,105
134,105
136,105
137,105
139,105
140,105
141,105
93,106
99,106
107,106
112,106
130,106
132,106
133,106
136,106
143,106
93,107
94,107
95,107
96,107
97,107
98,107
99,107
107,107
112,107
136,107
142,107
143,107
107,108
112,108
129,108
130,108
137,108
138,108
142,108
102,109
103,109
107,109
112,109
113,109
128,109
129,109
133,109
138,109
139,109
140,109
141,109
142,109
80,110
102,110
103,110
107,110
112,110
113,110
127,110
128,110
133,110
134,110
135,110
140,110
79,110
80,110
98,110
99,110
107,110
108,110
109,110
110,110
111,110
112,110
113,110
126,110
127,110
128,110
132,110
135,110
136,110
137,110
138,110
79,111
80,111
81,111
98,111
99,111
106,111
107,111
108,111
109,111
110,111
111,111
112,111
126,111
127,111
128,111
132,111
135,111
136,111
137,111
138,111
103,112
104,112
105,112
106,112
118,112
119,112
120,112
121,112
122,112
123,112
124,112
125,112
126,112
130,112
133,112
136,112
137,112
138,112
92,113
93,113
94,113
104,113
105,113
106,113
119,113
120,113
121,113
122,113
123,113
124,113
125,113
129,113
135,113
137,113
92,114
93,114
94,114
105,114
114,114
119,114
120,114
121,114
122,114
123,114
124,114
125,114
129,114
134,114
137,114
92,115
93,115
94,115
104,115
114,115
125,115
128,115
129,115
133,115
134,115
136,115
110,116
111,116
112,116
113,116
114,116
125,116
128,116
133,116
134,116
111,117
112,117
124,117
128,117
129,117
131,117
132,117
133,117
111,118
112,118
124,118
128,118
129,118
131,118
132,118
133,118
127,119
129,119
130,119
131,119
132,119
126,120
130,120
131,120
126,121
130,121
129,122
130,122
